[
  { "key": "GW", "name": "Gwalior" },
  { "key": "DT", "name": "Datia" },
  { "key": "MA", "name": "Mathura" },
  { "key": "VR", "name": "Vrindavan" },
  { "key": "GU", "name": "Guna" },
  { "key": "SH", "name": "Shivpuri" },
  { "key": "BH", "name": "Bhind" },
  { "key": "MH", "name": "Morena" },
  { "key": "SHI", "name": "Sheopur" },
  { "key": "ASH", "name": "Ashoknagar" },
  { "key": "TI", "name": "Tikamgarh" },
  { "key": "CHH", "name": "Chhatarpur" },
  { "key": "NI", "name": "Niwari" },
  { "key": "JH", "name": "Jhansi" },
  { "key": "LA", "name": "Lalitpur" },
  { "key": "SA", "name": "Sagar" },
  { "key": "DA", "name": "Damoh" },
  { "key": "PAN", "name": "Panna" },
  { "key": "SAT", "name": "Satna" },
  { "key": "REW", "name": "Rewa" },
  { "key": "DL", "name": "Delhi" },
  { "key": "MUM", "name": "Mumbai" },
  { "key": "PUN", "name": "Pune" },
  { "key": "NAG", "name": "Nagpur" },
  { "key": "IND", "name": "Indore" },
  { "key": "BHOP", "name": "Bhopal" },
  { "key": "JAI", "name": "Jaipur" },
  { "key": "UDA", "name": "Udaipur" },
  { "key": "AGR", "name": "Agra" },
  { "key": "KAN", "name": "Kanpur" },
  { "key": "LUC", "name": "Lucknow" },
  { "key": "VAR", "name": "Varanasi" },
  { "key": "PAT", "name": "Patna" },
  { "key": "RAN", "name": "Ranchi" },
  { "key": "KOL", "name": "Kolkata" },
  { "key": "GUW", "name": "Guwahati" },
  { "key": "HYD", "name": "Hyderabad" },
  { "key": "CHE", "name": "Chennai" },
  { "key": "BAN", "name": "Bangalore" },
  { "key": "COI", "name": "Coimbatore" },
  { "key": "MAD", "name": "Madurai" },
  { "key": "KOZ", "name": "Kozhikode" },
  { "key": "KOC", "name": "Kochi" },
  { "key": "TRI", "name": "Thiruvananthapuram" },
  { "key": "GOA", "name": "Panaji" },
  { "key": "SUR", "name": "Surat" },
  { "key": "AHD", "name": "Ahmedabad" },
  { "key": "RAJ", "name": "Rajkot" },
  { "key": "GND", "name": "Gandhinagar" },
  { "key": "BHU", "name": "Bhuj" },
  { "key": "AMR", "name": "Amritsar" },
  { "key": "LUD", "name": "Ludhiana" },
  { "key": "CHD", "name": "Chandigarh" },
  { "key": "SHI", "name": "Shimla" },
  { "key": "DEH", "name": "Dehradun" },
  { "key": "HAR", "name": "Haridwar" },
  { "key": "MAN", "name": "Manali" },
  { "key": "SHL", "name": "Shillong" },
  { "key": "AIZ", "name": "Aizawl" },
  { "key": "IMP", "name": "Imphal" },
  { "key": "KOH", "name": "Kohima" },
  { "key": "AGT", "name": "Agartala" },
  { "key": "DIM", "name": "Dimapur" },
  { "key": "ITN", "name": "Itanagar" },
  { "key": "SIL", "name": "Silchar" },
  { "key": "DHN", "name": "Dhanbad" },
  { "key": "BKT", "name": "Bareilly" },
  { "key": "ALH", "name": "Allahabad" },
  { "key": "GKP", "name": "Gorakhpur" },
  { "key": "JBP", "name": "Jabalpur" },
  { "key": "CBE", "name": "Cuttack" },
  { "key": "BBS", "name": "Bhubaneswar" },
  { "key": "BER", "name": "Berhampur" },
  { "key": "BOK", "name": "Bokaro" },
  { "key": "JAM", "name": "Jamshedpur" },
  { "key": "MZG", "name": "Muzzafarpur" },
  { "key": "SAM", "name": "Samastipur" },
  { "key": "PUR", "name": "Purnia" },
  { "key": "BGP", "name": "Bhagalpur" },
  { "key": "SNG", "name": "Srinagar" },
  { "key": "JAM", "name": "Jammu" },
  { "key": "ANA", "name": "Anantnag" },
  { "key": "LEH", "name": "Leh" },
  { "key": "KRG", "name": "Kargil" },
  { "key": "HIS", "name": "Hisar" },
  { "key": "AMB", "name": "Ambala" },
  { "key": "KUR", "name": "Kurukshetra" },
  { "key": "ROH", "name": "Rohtak" },
  { "key": "SOL", "name": "Solan" },
  { "key": "DAR", "name": "Darjeeling" },
  { "key": "JOR", "name": "Jorhat" },
  { "key": "TEZ", "name": "Tezpur" },
  { "key": "TINS", "name": "Tinsukia" },
  { "key": "DIB", "name": "Dibrugarh" },
  { "key": "PAS", "name": "Pasighat" },
  { "key": "TUT", "name": "Tuting" },
  { "key": "NAL", "name": "Nalanda" },
  { "key": "GAY", "name": "Gaya" },
  { "key": "RAU", "name": "Raipur" },
  { "key": "BIL", "name": "Bilaspur" },
  { "key": "DUR", "name": "Durg" },
  { "key": "BAS", "name": "Bastar" },
  { "key": "JAG", "name": "Jagdalpur" },
  { "key": "CHA", "name": "Chhota Udaipur" },
  { "key": "POR", "name": "Porbandar" },
  { "key": "ANA", "name": "Anand" }
]
